cargo;numero;nome_urna;partido;situacao;acompanhante_1;funcao_1;acompanhante_2;funcao_2;sq_candidato
federal;1000;FABRICIO OLIVEIRA;REPUBLICANOS;DEFERIDO;;;;;240002537077
federal;1001;JORGE GOETTEN;REPUBLICANOS;DEFERIDO;;;;;240002537085
federal;1007;SABRINA SASSÁ;REPUBLICANOS;DEFERIDO;;;;;240002537082
federal;1010;VERA PINHEIRO;REPUBLICANOS;DEFERIDO;;;;;240002537086
federal;1011;PAULO ALCEU;REPUBLICANOS;DEFERIDO;;;;;240002537075
federal;1020;MARIA REGINA DE SOUZA SOAR;REPUBLICANOS;DEFERIDO;;;;;240002537080
federal;1022;DARCI DE MATOS;REPUBLICANOS;DEFERIDO;;;;;240002537076
federal;1023;ZILANE NUNES;REPUBLICANOS;DEFERIDO;;;;;240002538096
federal;1025;EGIDIO BECKHAUSER;REPUBLICANOS;DEFERIDO;;;;;240002537079
federal;1033;JUNINHO MAMÃO;REPUBLICANOS;DEFERIDO;;;;;240002537083
federal;1040;MIRIA PADILHA;REPUBLICANOS;DEFERIDO;;;;;240002537084
federal;1077;GEOVANIA DE SÁ;REPUBLICANOS;DEFERIDO;;;;;240002537081
federal;1090;SARGENTO GARBILA;REPUBLICANOS;DEFERIDO;;;;;240002537078
federal;1102;ROSE DA ITOUPAVAZINHA;PP;DEFERIDO;;;;;240002541923
federal;1111;ZÉ MILTON;PP;DEFERIDO;;;;;240002541919
federal;1112;SERGINHO ADVOGADO;PP;DEFERIDO;;;;;240002541927
federal;1122;CORONEL ARMANDO;PP;DEFERIDO;;;;;240002541929
federal;1130;ANDRÉ CALLAI;PP;DEFERIDO;;;;;240002541916
federal;1133;ANGELA AMIN;PP;DEFERIDO;;;;;240002541926
federal;1144;JEAN PIROLA;PP;DEFERIDO;;;;;240002541922
federal;1172;SIMONE KATSWINCKEL;PP;DEFERIDO;;;;;240002551730
federal;1210;INDÍGENA ADRIANA;PDT;DEFERIDO;;;;;240002533821
federal;1212;IVAN MARQUES;PDT;DEFERIDO;;;;;240002533820
federal;1213;GRACI DA SAÚDE;PDT;DEFERIDO;;;;;240002533816
federal;1230;RODRIGO BARZOTTO;PDT;DEFERIDO;;;;;240002533819
federal;1231;JORDANA PROTETORA ANIMAL;PDT;DEFERIDO;;;;;240002533815
federal;1233;ADVOGADO MARCO BUZZI;PDT;DEFERIDO;;;;;240002533814
federal;1234;REITOR ANDERSON;PDT;DEFERIDO;;;;;240002533817
federal;1245;ADILSON DA SAÚDE;PDT;DEFERIDO;;;;;240002533818
federal;1300;KARINNE TAVARES;PT;DEFERIDO;;;;;240002533826
federal;1303;LIROUS K YO;PT;DEFERIDO;;;;;240002533827
federal;1304;FRANCISCO DE ASSIS;PT;DEFERIDO;;;;;240002533835
federal;1313;ANA PAULA LIMA;PT;DEFERIDO;;;;;240002533824
federal;1326;PROF. VANESSA DA ROSA;PT;DEFERIDO;;;;;240002533823
federal;1331;EDUARDO ZANATTA;PT;DEFERIDO;;;;;240002533829
federal;1333;PROF JU ANDOZIO;PT;DEFERIDO;;;;;240002533838
federal;1340;CAREN MACHADO;PT;DEFERIDO;;;;;240002533828
federal;1344;CARLA AYRES;PT;DEFERIDO;;;;;240002533825
federal;1349;IGOR MARAFIGO;PT;DEFERIDO;;;;;240002533836
federal;1350;PROFESSOR PEDRO UCZAI;PT;DEFERIDO;;;;;240002533833
federal;1361;JÚ;PT;DEFERIDO;;;;;240002533832
federal;1388;KEREXU;PT;DEFERIDO;;;;;240002533830
federal;1400;ANDIARA FERREIRA;MISSÃO;DEFERIDO;;;;;240002544681
federal;1401;FRANK LÔBO;MISSÃO;DEFERIDO;;;;;240002544689
federal;1404;ANA BEATRIZ KOERICH;MISSÃO;DEFERIDO;;;;;240002544684
federal;1407;ANNA VARGAS;MISSÃO;DEFERIDO;;;;;240002544676
federal;1410;VAGNER VISOLI;MISSÃO;DEFERIDO;;;;;240002544685
federal;1411;MARCOS BOETTCHER;MISSÃO;DEFERIDO;;;;;240002544680
federal;1414;FELIPE BARCELLOS;MISSÃO;DEFERIDO;;;;;240002544682
federal;1415;TUCO FARIAS;MISSÃO;DEFERIDO;;;;;240002544679
federal;1422;ANDRESSA DE OLIVEIRA;MISSÃO;INDEFERIDO EM PRAZO RECURSAL OU COM RECURSO;;;;;240002544683
federal;1426;ADRIANA CUSTODIO LINO;MISSÃO;DEFERIDO;;;;;240002544675
federal;1430;JORDAM BRITO;MISSÃO;DEFERIDO;;;;;240002544690
federal;1440;PABLO TESSARI;MISSÃO;DEFERIDO;;;;;240002544678
federal;1444;LARISSA BECKER KAMERS;MISSÃO;DEFERIDO;;;;;240002544677
federal;1450;BRUNO DIAS;MISSÃO;INDEFERIDO EM PRAZO RECURSAL OU COM RECURSO;;;;;240002544686
federal;1456;PAULO JOSUÉ;MISSÃO;DEFERIDO;;;;;240002544688
federal;1477;SANTIAGO CESAR;MISSÃO;DEFERIDO;;;;;240002544674
federal;1494;LUCAS SILVEIRA;MISSÃO;DEFERIDO;;;;;240002544687
federal;1500;CLEITON FOSSÁ;MDB;DEFERIDO;;;;;240002541396
federal;1509;PROF.. ÉDINA;MDB;DEFERIDO;;;;;240002541410
federal;1510;PEZENTI;MDB;DEFERIDO;;;;;240002541406
federal;1515;JOMA FRETTA;MDB;DEFERIDO;;;;;240002541409
federal;1516;DANI SANT ANNA;MDB;DEFERIDO;;;;;240002541398
federal;1523;PROFESSORA NATÁLIA;MDB;DEFERIDO;;;;;240002541400
federal;1527;RAQUEL DA REURB;MDB;DEFERIDO;;;;;240002541402
federal;1540;RODRIGO COELHO;MDB;DEFERIDO;;;;;240002541401
federal;1550;MARIA JOSE;MDB;DEFERIDO;;;;;240002541404
federal;1551;TEODORO;MDB;DEFERIDO;;;;;240002541411
federal;1555;ANGELA CAD UNICO;MDB;DEFERIDO;;;;;240002541403
federal;1560;VALDIR COBALCHINI;MDB;DEFERIDO;;;;;240002541408
federal;1567;CIRO;MDB;DEFERIDO;;;;;240002541399
federal;1570;DR.ELOI;MDB;INDEFERIDO EM PRAZO RECURSAL OU COM RECURSO;;;;;240002541405
federal;1588;VINI PROTETOR DE ANIMAIS;MDB;DEFERIDO;;;;;240002541395
federal;1590;ZAGONEL;MDB;DEFERIDO;;;;;240002541397
federal;1598;JOAO MATOS;MDB;DEFERIDO;;;;;240002541407
federal;2000;DANILO VISCONTI;PODE;DEFERIDO;;;;;240002538367
federal;2002;DRA. SANDRA;PODE;DEFERIDO;;;;;240002538362
federal;2004;VOLMAR BOSQUETTI;PODE;DEFERIDO;;;;;240002538363
federal;2007;LILIANE DA FRADA;PODE;DEFERIDO;;;;;240002538361
federal;2010;RICARDO GANEM;PODE;DEFERIDO;;;;;240002538375
federal;2014;NEGA GRAZI;PODE;DEFERIDO;;;;;240002538370
federal;2020;PAULINHA;PODE;DEFERIDO;;;;;240002538368
federal;2021;REGINA GUZZI;PODE;DEFERIDO;;;;;240002538369
federal;2022;ROSINEY HORACIO;PODE;DEFERIDO;;;;;240002538372
federal;2026;BISMARK DO CANAL HIPÓCRITAS;PODE;DEFERIDO;;;;;240002538366
federal;2030;MELISSA MEDEIROS;PODE;DEFERIDO;;;;;240002538374
federal;2040;CRISTIANE LOUREIRO;PODE;DEFERIDO;;;;;240002538364
federal;2050;GEMADA;PODE;DEFERIDO;;;;;240002538371
federal;2055;ITO DE SOUZA;PODE;DEFERIDO;;;;;240002538365
federal;2077;JOAB DA PESCA;PODE;DEFERIDO;;;;;240002538373
federal;2080;FERNANDO FERREIRA (GÊMEOS);PODE;DEFERIDO;;;;;240002553053
federal;2090;ELAINE CASAS;PODE;DEFERIDO;;;;;240002553054
federal;2200;RICARDO GUIDI;PL;DEFERIDO;;;;;240002539377
federal;2201;FERNANDA CÓRDOVA;PL;DEFERIDO;;;;;240002539381
federal;2202;MARTINHA FERREIRA;PL;DEFERIDO;;;;;240002539369
federal;2210;DANIELA REINEHR;PL;DEFERIDO;;;;;240002539382
federal;2211;DANIEL FREITAS;PL;DEFERIDO;;;;;240002539376
federal;2212;SARGENTO LIMA;PL;DEFERIDO;;;;;240002539368
federal;2216;VALDIR COLATTO;PL;DEFERIDO;;;;;240002539372
federal;2220;ZÉ TROVÃO;PL;DEFERIDO;;;;;240002539384
federal;2221;FERNANDO CORDEIRO;PL;DEFERIDO;;;;;240002539375
federal;2222;JAIR BOLSONARO;PL;DEFERIDO;;;;;240002539371
federal;2223;DR. MARCELO REIS;PL;DEFERIDO;;;;;240002539370
federal;2233;JULIA ZANATTA;PL;DEFERIDO;;;;;240002539378
federal;2244;JULIETHE NITZ;PL;DEFERIDO;;;;;240002539373
federal;2248;MANU VIEIRA;PL;DEFERIDO;;;;;240002539379
federal;2277;ISMAEL DOS SANTOS;PL;DEFERIDO;;;;;240002539374
federal;2288;JOÃO PAULO KLEINÜBING;PL;DEFERIDO;;;;;240002539380
federal;2299;ANGIOLETTI RUBENS;PL;DEFERIDO;;;;;240002539383
federal;2322;ROSELI MORAES (ROSE);CIDADANIA;DEFERIDO;;;;;240002539633
federal;2323;DRA. BARBARA KAWALL;CIDADANIA;DEFERIDO;;;;;240002539635
federal;2345;ARLEI;CIDADANIA;DEFERIDO;;;;;240002539634
federal;2500;FABIANO PATRIOTA;PRD;INDEFERIDO EM PRAZO RECURSAL OU COM RECURSO;;;;;240002551663
federal;2510;MARCOS COLARES;PRD;DEFERIDO;;;;;240002554036
federal;2520;GUILHERME HENRIQUE;PRD;DEFERIDO;;;;;240002551673
federal;2522;ALEX BURNIER;PRD;DEFERIDO;;;;;240002551667
federal;2525;ROSANGELA CARMINATTI;PRD;DEFERIDO;;;;;240002552941
federal;2526;VAGNÃO DO TÊXTIL;PRD;DEFERIDO;;;;;240002551670
federal;2552;MICHELLE SCHWANKE;PRD;DEFERIDO;;;;;240002551664
federal;2555;DECIO MOSER;PRD;DEFERIDO;;;;;240002551668
federal;2557;LINDAMERI RODRIGUES;PRD;INDEFERIDO EM PRAZO RECURSAL OU COM RECURSO;;;;;240002551665
federal;2575;CAROL UBER;PRD;DEFERIDO;;;;;240002551671
federal;2577;ANGEL;PRD;DEFERIDO;;;;;240002551672
federal;2700;JOÃO FONTOURA;DC;DEFERIDO;;;;;240002543044
federal;2701;MIRO DO CANTO GAÚCHO;DC;DEFERIDO;;;;;240002543057
federal;2707;MARCELO BIAGIOTTI;DC;DEFERIDO;;;;;240002543059
federal;2711;LUCIANA LOPES;DC;DEFERIDO;;;;;240002543058
federal;2712;TONY RAMOS;DC;DEFERIDO;;;;;240002543056
federal;2722;SERGIO DA FARMACIA;DC;DEFERIDO;;;;;240002543050
federal;2723;FRANCIS NETO;DC;DEFERIDO;;;;;240002543045
federal;2727;ELIAS DE LIMA;DC;DEFERIDO;;;;;240002543052
federal;2730;DJEIKSSON STRINGHINI;DC;DEFERIDO;;;;;240002543049
federal;2733;LETICIA PALOMA;DC;DEFERIDO;;;;;240002543055
federal;2739;CLAUDIOMIR CASTILHO RAMOS;DC;DEFERIDO;;;;;240002543053
federal;2744;TAIZE ZAGONEL;DC;DEFERIDO;;;;;240002543046
federal;2755;CLER DA SILVA;DC;DEFERIDO;;;;;240002543047
federal;2777;FRAN KRUCK;DC;DEFERIDO;;;;;240002543054
federal;2788;SIMONE XAVIER;DC;DEFERIDO;;;;;240002543051
federal;2789;JACKSON SOARES;DC;DEFERIDO;;;;;240002543060
federal;2799;GILIARDI DORN;DC;DEFERIDO;;;;;240002543048
federal;2929;ARTHUR CESCONETTO;PCO;DEFERIDO;;;;;240002553720
federal;2999;ANA PAULA ADÃO;PCO;DEFERIDO;;;;;240002553721
federal;3000;ÉRICO VINICIUS;NOVO;DEFERIDO;;;;;240002535431
federal;3006;RAFAEL NOGUEIRA;NOVO;DEFERIDO;;;;;240002535437
federal;3007;GLENDA GERBER;NOVO;DEFERIDO;;;;;240002535436
federal;3008;AMANDA TEIXEIRA;NOVO;DEFERIDO;;;;;240002535422
federal;3010;ANDRÉ DE OLIVEIRA;NOVO;DEFERIDO;;;;;240002535435
federal;3017;JUNGLES WEGHER;NOVO;DEFERIDO;;;;;240002535427
federal;3021;LUCIO VANDERLINDE;NOVO;DEFERIDO;;;;;240002535433
federal;3022;BIA BORBA;NOVO;DEFERIDO;;;;;240002535425
federal;3030;RODRIGO LIVRAMENTO;NOVO;DEFERIDO;;;;;240002535429
federal;3031;ANNA VALENTE;NOVO;DEFERIDO;;;;;240002535432
federal;3033;MORGANA DANIEL;NOVO;DEFERIDO;;;;;240002535424
federal;3049;KAUE OLIVEIRA;NOVO;DEFERIDO;;;;;240002535426
federal;3050;GILSON MARQUES;NOVO;DEFERIDO;;;;;240002535434
federal;3060;RICARDO OLIVEIRA;NOVO;DEFERIDO;;;;;240002535428
federal;3088;LUCAS GOTARDO;NOVO;DEFERIDO;;;;;240002535430
federal;3090;REITOR CLAUDIO JACOSKI;NOVO;DEFERIDO;;;;;240002535423
federal;3099;PAMELYS BARROS;NOVO;DEFERIDO;;;;;240002535421
federal;4033;.ALAN ALVES MOREIRA;PSB;DEFERIDO;;;;;240002543043
federal;4040;ANA SIRINO;PSB;DEFERIDO;;;;;240002543042
federal;4321;DOUTORA ROSANA;PV;DEFERIDO;;;;;240002533822
federal;4343;GUARACI FAGUNDES;PV;DEFERIDO;;;;;240002533834
federal;4400;JANE STEFENN;UNIÃO;DEFERIDO;;;;;240002541925
federal;4407;DRA. LISIANE ANZANELLO;UNIÃO;DEFERIDO;;;;;240002541921
federal;4410;DÉBORA PARISOTTO;UNIÃO;DEFERIDO;;;;;240002541928
federal;4411;CARLOS MOISÉS;UNIÃO;DEFERIDO;;;;;240002541917
federal;4444;FABIO SCHIOCHET;UNIÃO;DEFERIDO;;;;;240002541915
federal;4455;TANIA LARSON;UNIÃO;DEFERIDO;;;;;240002541918
federal;4467;DERIAN CAMPOS;UNIÃO;DEFERIDO;;;;;240002541924
federal;4477;HORTÊNCIA TIERLING;UNIÃO;DEFERIDO;;;;;240002541920
federal;5000;VICTOR GASPODINI;PSOL;DEFERIDO;;;;;240002537833
federal;5001;THIAGO MORETI - PROF. TATUADO;PSOL;DEFERIDO;;;;;240002537840
federal;5005;DRAG URBANA;PSOL;DEFERIDO;;;;;240002537831
federal;5008;BIA ALVES;PSOL;DEFERIDO;;;;;240002537837
federal;5010;PROFESSOR ELSON;PSOL;DEFERIDO;;;;;240002537836
federal;5013;PROFESSOR CANGURU;PSOL;DEFERIDO;;;;;240002537828
federal;5018;SIMONE MEDEIROS;PSOL;DEFERIDO;;;;;240002537834
federal;5020;LÍVIA - COLETIVA SC PLURAL;PSOL;DEFERIDO;;;;;240002537826
federal;5024;INÁCIO SPERBER;PSOL;DEFERIDO;;;;;240002537832
federal;5040;NANDJA XOKLENG;PSOL;DEFERIDO;;;;;240002537841
federal;5042;SODRÉ;PSOL;DEFERIDO;;;;;240002537842
federal;5050;VALMIR BRAZ NENA;PSOL;DEFERIDO;;;;;240002537835
federal;5055;MARI SOUZA;PSOL;DEFERIDO;;;;;240002537827
federal;5075;MIRÊ CHAGAS;PSOL;DEFERIDO;;;;;240002537830
federal;5077;SAMARA MADUREIRA;PSOL;DEFERIDO;;;;;240002537829
federal;5080;JÉSSICA MICHELS;PSOL;DEFERIDO;;;;;240002537838
federal;5093;GIL SANTOS;PSOL;INDEFERIDO EM PRAZO RECURSAL OU COM RECURSO;;;;;240002537839
federal;5500;CRISTIANO DA PROTEÇÃO ANIMAL;PSD;DEFERIDO;;;;;240002548532
federal;5504;VANESSA WITIUK DA CAUSA ANIMAL;PSD;DEFERIDO;;;;;240002548531
federal;5508;PASTOR ASCENDINO BATISTA;PSD;DEFERIDO;;;;;240002548538
federal;5510;HENRIQUE FOLSTER;PSD;DEFERIDO;;;;;240002548541
federal;5511;JULIO GARCIA;PSD;DEFERIDO;;;;;240002548535
federal;5515;DEISE CARDOSO;PSD;DEFERIDO;;;;;240002548540
federal;5522;JOÃO MARTINS;PSD;DEFERIDO;;;;;240002548533
federal;5525;PATRICIA LISBOA;PSD;DEFERIDO;;;;;240002548542
federal;5533;EDI FOLLE;PSD;DEFERIDO;;;;;240002548529
federal;5550;TEREZINHA DYBAS;PSD;DEFERIDO;;;;;240002548530
federal;5555;SILVIO ALEXANDRE ZANCANARO;PSD;DEFERIDO;;;;;240002548534
federal;5577;ANA REITER;PSD;DEFERIDO;;;;;240002548537
federal;5580;TREVISAN;PSD;DEFERIDO;;;;;240002548536
federal;5588;RAIMUNDO COLOMBO;PSD;DEFERIDO;;;;;240002548539
federal;6500;JOVINO GONÇALVES;PCDOB;DEFERIDO;;;;;240002533837
federal;6565;GIOVANA MONDARDO;PCDOB;DEFERIDO;;;;;240002533831
federal;7000;MAURI DAS LAJOTAS;AVANTE;DEFERIDO;;;;;240002551687
federal;7007;DJ ANGEL;AVANTE;DEFERIDO;;;;;240002551680
federal;7010;SERGIO MARINELLO;AVANTE;INDEFERIDO EM PRAZO RECURSAL OU COM RECURSO;;;;;240002552192
federal;7012;DAIANE AMERICO;AVANTE;DEFERIDO;;;;;240002551684
federal;7013;A SABRINA DA CONCEIÇÃO;AVANTE;DEFERIDO;;;;;240002551679
federal;7017;RODRIGO SIMÃO;AVANTE;DEFERIDO;;;;;240002551682
federal;7020;SADI RIBEIRO;AVANTE;DEFERIDO;;;;;240002551683
federal;7022;LEVI RIOSCHI;AVANTE;DEFERIDO;;;;;240002551685
federal;7040;CLAUDINHO DO FUTEBOL;AVANTE;DEFERIDO;;;;;240002551677
federal;7044;RICARDO RODRIGUES;AVANTE;DEFERIDO;;;;;240002551688
federal;7055;PROFESSORA ANGÉLICA;AVANTE;DEFERIDO;;;;;240002551692
federal;7070;DAVI ALMEIDA;AVANTE;DEFERIDO;;;;;240002551690
federal;7072;MICHELLE PAIVA;AVANTE;DEFERIDO;;;;;240002551678
federal;7077;RUTI QUINZEN;AVANTE;DEFERIDO;;;;;240002551681
federal;7080;LUIZÃO DE CHAPECÓ;AVANTE;DEFERIDO;;;;;240002551691
federal;7088;IVO MACHADO;AVANTE;DEFERIDO;;;;;240002551689
federal;7090;INDIO FOTOGRAFO;AVANTE;DEFERIDO;;;;;240002551676
federal;7707;ADRIANA MAZZUCCO;SOLIDARIEDADE;DEFERIDO;;;;;240002551666
federal;7712;ENGENHEIRA SILVANA SILVANO;SOLIDARIEDADE;DEFERIDO;;;;;240002552940
federal;7722;GODINHO;SOLIDARIEDADE;DEFERIDO;;;;;240002551674
federal;7767;GLENDA BONI;SOLIDARIEDADE;INDEFERIDO EM PRAZO RECURSAL OU COM RECURSO;;;;;240002554185
federal;7777;CABO SANTANA;SOLIDARIEDADE;INDEFERIDO EM PRAZO RECURSAL OU COM RECURSO;;;;;240002551669
federal;8000;AMANDA WENCESLAU;UP;DEFERIDO;;;;;240002541412
federal;8080;ANDRE DREJAN;UP;DEFERIDO;;;;;240002539586
estadual;10000;CONSOLI GERRI CONSOLI;REPUBLICANOS;DEFERIDO;;;;;240002537933
estadual;10008;PAULINHA;REPUBLICANOS;DEFERIDO;;;;;240002537926
estadual;10010;BRANDEL JUNIOR;REPUBLICANOS;DEFERIDO;;;;;240002537929
estadual;10015;EDSON PIRIQUITO;REPUBLICANOS;DEFERIDO;;;;;240002537923
estadual;10022;JEAN KUHLMANN;REPUBLICANOS;DEFERIDO;;;;;240002537908
estadual;10026;SABRINA MAIA;REPUBLICANOS;DEFERIDO;;;;;240002537920
estadual;10028;YOLI RAVAZZI;REPUBLICANOS;DEFERIDO;;;;;240002537939
estadual;10100;ACÉLIO CASAGRANDE;REPUBLICANOS;DEFERIDO;;;;;240002537918
estadual;10101;GABRIEL CARRARA;REPUBLICANOS;DEFERIDO;;;;;240002537910
estadual;10110;EXPEDITO MICHELS DA FUCAP;REPUBLICANOS;DEFERIDO;;;;;240002537914
estadual;10111;MARCILENE MISS;REPUBLICANOS;DEFERIDO;;;;;240002537916
estadual;10123;SERGIO MOTTA;REPUBLICANOS;DEFERIDO;;;;;240002537938
estadual;10137;SIMONE TOMKELSKI;REPUBLICANOS;PENDENTE DE JULGAMENTO;;;;;240002554491
estadual;10144;CABRAL;REPUBLICANOS;DEFERIDO;;;;;240002537932
estadual;10157;PATRICIA ODWAZNY FLEXA;REPUBLICANOS;DEFERIDO;;;;;240002537937
estadual;10200;ANNA CAROLINA;REPUBLICANOS;DEFERIDO;;;;;240002537919
estadual;10210;DR. JORGE;REPUBLICANOS;DEFERIDO;;;;;240002537936
estadual;10220;CESCONETTO;REPUBLICANOS;DEFERIDO;;;;;240002537911
estadual;10222;ANDRÉ MOSER;REPUBLICANOS;DEFERIDO;;;;;240002537913
estadual;10282;LUCAS NEVES;REPUBLICANOS;DEFERIDO;;;;;240002537915
estadual;10333;JEFFERSON MONTEIRO;REPUBLICANOS;DEFERIDO;;;;;240002537909
estadual;10444;JEFERSON CARDOZO;REPUBLICANOS;DEFERIDO;;;;;240002537930
estadual;10456;SUELEN GEREMIA;REPUBLICANOS;DEFERIDO;;;;;240002537931
estadual;10555;DR. PAULO CORAL;REPUBLICANOS;DEFERIDO;;;;;240002537917
estadual;10722;PASTOR FOPPA;REPUBLICANOS;DEFERIDO;;;;;240002537935
estadual;10777;MARCELO WERNER;REPUBLICANOS;DEFERIDO;;;;;240002537912
estadual;10789;SALMIR DA SILVA;REPUBLICANOS;DEFERIDO;;;;;240002537921
estadual;10800;PICCOLI;REPUBLICANOS;DEFERIDO;;;;;240002537928
estadual;10888;VICTOR FORTE;REPUBLICANOS;DEFERIDO;;;;;240002537927
estadual;10999;DR. RONI RIBEIRO;REPUBLICANOS;DEFERIDO;;;;;240002537934
estadual;11000;ANELISIO DA ASSESSORITEC;PP;DEFERIDO;;;;;240002543420
estadual;11011;CRIS BRILHANTE;PP;DEFERIDO;;;;;240002543386
estadual;11020;MARA DA SAÚDE;PP;DEFERIDO;;;;;240002543405
estadual;11022;CLAUDIO BIANCHINI;PP;DEFERIDO;;;;;240002543408
estadual;11033;DALTON LUEDERS;PP;DEFERIDO;;;;;240002543406
estadual;11111;DR. IRANI;PP;DEFERIDO;;;;;240002543411
estadual;11112;MANJUVA CAMINHONEIRO;PP;DEFERIDO;;;;;240002543404
estadual;11122;MARILISE MARTINEZ;PP;DEFERIDO;;;;;240002543387
estadual;11123;LINDOMAR FERREIRA;PP;DEFERIDO;;;;;240002543419
estadual;11130;ALTAIR SILVA;PP;DEFERIDO;;;;;240002543410
estadual;11222;SILVIO DREVECK;PP;DEFERIDO;;;;;240002543394
estadual;11223;PEPÊ COLLAÇO;PP;DEFERIDO;;;;;240002543418
estadual;11233;PRISCILA DAL BOSCO;PP;DEFERIDO;;;;;240002551732
estadual;11234;EVANDRO SCAINI;PP;DEFERIDO;;;;;240002543390
estadual;11322;MATTIOLO;PP;DEFERIDO;;;;;240002543397
estadual;11369;SARGENTO PUTTKAMMER O ALEMÃO;PP;DEFERIDO;;;;;240002543399
estadual;11456;AANDERSON BATATA;PP;DEFERIDO;;;;;240002543403
estadual;11470;ANDRÉ LIVRAMENTO;PP;DEFERIDO;;;;;240002543412
estadual;11622;SILVÉRIA ZANCHI;PP;DEFERIDO;;;;;240002543416
estadual;11777;SIMONE ANDRADE;PP;DEFERIDO;;;;;240002543401
estadual;11999;ADRI;PP;DEFERIDO;;;;;240002551731
estadual;12000;HILDA DEOLA;PDT;DEFERIDO;;;;;240002533282
estadual;12001;JEFINHO CHUPEL;PDT;DEFERIDO;;;;;240002533298
estadual;12012;CIÇA MÜLLER;PDT;DEFERIDO;;;;;240002533277
estadual;12022;A JÚLIA DA CAUSA ANIMAL;PDT;DEFERIDO;;;;;240002533289
estadual;12055;CARLOS CASTRO;PDT;DEFERIDO;;;;;240002533300
estadual;12095;JUNINHO;PDT;DEFERIDO;;;;;240002533291
estadual;12100;GUI PEREIRA;PDT;DEFERIDO;;;;;240002533287
estadual;12102;JANETE KRUEGER;PDT;DEFERIDO;;;;;240002533280
estadual;12111;RODRIGO BARROS;PDT;DEFERIDO;;;;;240002533278
estadual;12112;VICTORIA SALGADO;PDT;DEFERIDO;;;;;240002533305
estadual;12121;ANDRÉ XAVIER;PDT;DEFERIDO;;;;;240002533288
estadual;12123;LUCIANO BULIGON;PDT;DEFERIDO;;;;;240002533279
estadual;12180;MARIANA FRANCO;PDT;DEFERIDO;;;;;240002533295
estadual;12191;MAGNO JÚNIOR;PDT;DEFERIDO;;;;;240002533296
estadual;12200;HANERON;PDT;DEFERIDO;;;;;240002533286
estadual;12220;JUNIOR DO ESPORTE;PDT;DEFERIDO;;;;;240002533307
estadual;12222;ALEXANDRE CAMINHA;PDT;DEFERIDO;;;;;240002533284
estadual;12280;PUPO JUNCKES;PDT;DEFERIDO;;;;;240002533292
estadual;12282;RITA LANG;PDT;DEFERIDO;;;;;240002533297
estadual;12300;LU DIAS;PDT;DEFERIDO;;;;;240002533302
estadual;12320;JOÃO ROQUE;PDT;DEFERIDO;;;;;240002533306
estadual;12321;JOSÉ CARLOS;PDT;DEFERIDO;;;;;240002533299
estadual;12333;CAROL DA ROCHA;PDT;DEFERIDO;;;;;240002533304
estadual;12345;RODRIGO MINOTTO;PDT;DEFERIDO;;;;;240002533283
estadual;12400;JULIANO DA EMUVI;PDT;DEFERIDO;;;;;240002536965
estadual;12444;ELIANE ARAÚJO;PDT;DEFERIDO;;;;;240002533276
estadual;12456;ANDRÉ GUESSER;PDT;DEFERIDO;;;;;240002533285
estadual;12500;PROF. FABRICIO;PDT;DEFERIDO;;;;;240002533281
estadual;12555;VICTOR PICCOLI;PDT;DEFERIDO;;;;;240002533294
estadual;12612;SELMA ADÃO;PDT;DEFERIDO;;;;;240002533290
estadual;12640;PROF. EVANDRO ACCADROLLI;PDT;DEFERIDO;;;;;240002533301
estadual;12678;DORLEI;PDT;DEFERIDO;;;;;240002533274
estadual;12777;ANA LIZ;PDT;DEFERIDO;;;;;240002533303
estadual;12789;ROSENVALDO JUNIOR;PDT;DEFERIDO;;;;;240002533293
estadual;12999;DR. ANIBAL DARIO;PDT;DEFERIDO;;;;;240002533275
estadual;13000;PROFESSOR VITOR XUXA;PT;DEFERIDO;;;;;240002540091
estadual;13007;MARISTELA FRANCISCO;PT;DEFERIDO;;;;;240002540097
estadual;13013;ARLINDO ROCHA;PT;DEFERIDO;;;;;240002540089
estadual;13030;PAULO ECCEL;PT;INDEFERIDO EM PRAZO RECURSAL OU COM RECURSO;;;;;240002540081
estadual;13040;JACIARA MACHUGA;PT;DEFERIDO;;;;;240002540072
estadual;13044;JUMERI ZANETTI;PT;DEFERIDO;;;;;240002540086
estadual;13045;RODOLFO DE RAMOS;PT;DEFERIDO;;;;;240002540073
estadual;13100;CLÁUDIO MÁRCIO;PT;DEFERIDO;;;;;240002540074
estadual;13113;GISLAINE DURSKI;PT;DEFERIDO;;;;;240002540100
estadual;13120;NEODI SARETTA;PT;DEFERIDO;;;;;240002540094
estadual;13123;PROFESSOR CADU;PT;DEFERIDO;;;;;240002540093
estadual;13130;CLAUDIA BRATTI;PT;DEFERIDO;;;;;240002540101
estadual;13131;LINNO VIANNA;PT;DEFERIDO;;;;;240002540076
estadual;13137;RAFAEL CONSUL COLETIVO DE AXÉ;PT;DEFERIDO;;;;;240002540079
estadual;13180;PROFESSORA ANA LUCIA MARTINS;PT;DEFERIDO;;;;;240002540096
estadual;13200;JOÃO PAULO;PT;DEFERIDO;;;;;240002540102
estadual;13300;MARISA ZANONI - NÓS JUNTAS;PT;DEFERIDO;;;;;240002540090
estadual;13313;JEAN VOLPATO;PT;DEFERIDO;;;;;240002540080
estadual;13321;PROF CALEB CLARINDO;PT;DEFERIDO;;;;;240002540071
estadual;13456;DIONÍSIO BERTOLDI;PT;DEFERIDO;;;;;240002540092
estadual;13470;RODRIGO PREIS;PT;DEFERIDO;;;;;240002540099
estadual;13500;FABIANO DA LUZ;PT;DEFERIDO;;;;;240002540084
estadual;13524;CACICA ELIARA;PT;DEFERIDO;;;;;240002540085
estadual;13601;LUCIANE CARMINATTI;PT;DEFERIDO;;;;;240002540083
estadual;13613;TOM DA BARRA PCD;PT;DEFERIDO;;;;;240002540088
estadual;13620;BIA VARGAS;PT;DEFERIDO;;;;;240002540087
estadual;13690;PROFESSOR CHICO;PT;DEFERIDO;;;;;240002540075
estadual;13777;RAFAEL LIMA;PT;DEFERIDO;;;;;240002540077
estadual;13987;PADRE PEDRO;PT;DEFERIDO;;;;;240002540082
estadual;13999;OSMAR BARCARO;PT;DEFERIDO;;;;;240002540098
estadual;14000;A A MARGARETH PRATTS DA MISSÃO;MISSÃO;DEFERIDO;;;;;240002543542
estadual;14007;FRAN VILLANI;MISSÃO;INDEFERIDO EM PRAZO RECURSAL OU COM RECURSO;;;;;240002543552
estadual;14014;CAROL FORMIGONI;MISSÃO;DEFERIDO;;;;;240002543554
estadual;14040;CARLOS ANTUNES;MISSÃO;DEFERIDO;;;;;240002554309
estadual;14077;MAURICIO CORREA;MISSÃO;DEFERIDO;;;;;240002543549
estadual;14100;NILSON VICENTI;MISSÃO;DEFERIDO;;;;;240002543540
estadual;14111;YOLANDA SILVA;MISSÃO;DEFERIDO;;;;;240002543541
estadual;14123;ORLEI CORREIA;MISSÃO;DEFERIDO;;;;;240002543543
estadual;14140;GABRIEL OLIVEIRA;MISSÃO;INDEFERIDO EM PRAZO RECURSAL OU COM RECURSO;;;;;240002543553
estadual;14141;BYANCA DOLZAN;MISSÃO;DEFERIDO;;;;;240002543539
estadual;14144;MARCO A BENEDET PÉRICO;MISSÃO;DEFERIDO;;;;;240002543545
estadual;14444;LÉO LAMERA;MISSÃO;DEFERIDO;;;;;240002543547
estadual;14500;ADEMIR LIMA;MISSÃO;DEFERIDO;;;;;240002543550
estadual;14555;MAURÍCIO COUTO;MISSÃO;DEFERIDO;;;;;240002543546
estadual;14777;RICARDO BECKER;MISSÃO;DEFERIDO;;;;;240002543548
estadual;14999;JAIRO;MISSÃO;DEFERIDO;;;;;240002543544
estadual;15000;DELEGADO JORGE KOCH;MDB;DEFERIDO;;;;;240002541376
estadual;15001;ELIZEU MATTOS;MDB;INDEFERIDO EM PRAZO RECURSAL OU COM RECURSO;;;;;240002541372
estadual;15010;JERRY COMPER;MDB;DEFERIDO;;;;;240002541379
estadual;15015;TUTA;MDB;DEFERIDO;;;;;240002541373
estadual;15022;TULIO VETERINARIO;MDB;DEFERIDO;;;;;240002541392
estadual;15055;DR NATEL;MDB;DEFERIDO;;;;;240002541370
estadual;15077;PAULO COELHO;MDB;DEFERIDO;;;;;240002541386
estadual;15100;EMERSON STEIN;MDB;DEFERIDO;;;;;240002541374
estadual;15104;LEATRICE BEZ;MDB;DEFERIDO;;;;;240002541390
estadual;15111;MONICA BORGES;MDB;DEFERIDO;;;;;240002541383
estadual;15115;MARCOS BOTH;MDB;DEFERIDO;;;;;240002541394
estadual;15123;ADILSON GIRARDI;MDB;DEFERIDO;;;;;240002541381
estadual;15180;INAJARA RODRIGUES;MDB;DEFERIDO;;;;;240002541378
estadual;15215;MARINÊZ DOS IDOSOS;MDB;DEFERIDO;;;;;240002541389
estadual;15220;MAURO DE NADAL;MDB;DEFERIDO;;;;;240002541377
estadual;15234;ISAURA;MDB;DEFERIDO;;;;;240002541387
estadual;15555;SIRLEI MULLER;MDB;DEFERIDO;;;;;240002541391
estadual;15600;JOÃO COBALCHINI;MDB;DEFERIDO;;;;;240002541369
estadual;15655;FERNANDO KRELLING;MDB;DEFERIDO;;;;;240002541382
estadual;15670;EMERSON MAAS;MDB;DEFERIDO;;;;;240002541385
estadual;15700;CRIS DA SAUDE;MDB;DEFERIDO;;;;;240002541384
estadual;15715;LUCIANE COOPER;MDB;DEFERIDO;;;;;240002541371
estadual;15777;DR.ELCIO;MDB;DEFERIDO;;;;;240002541388
estadual;15789;TIAGO ZILLI;MDB;DEFERIDO;;;;;240002541393
estadual;15844;JOSI MENESTRINA;MDB;DEFERIDO;;;;;240002541375
estadual;16000;PROFESSOR CRISTIANO FLORÊNCIO;PSTU;DEFERIDO;;;;;240002538100
estadual;16016;PROFESSORA NADIR FERNANDES;PSTU;DEFERIDO;;;;;240002538099
estadual;18000;LEANDRO DA SILVA;REDE;DEFERIDO;;;;;240002537800
estadual;18018;SIMONE MOREDO;REDE;DEFERIDO;;;;;240002537825
estadual;18180;AMANDA RIBEIRO;REDE;DEFERIDO;;;;;240002537799
estadual;18800;JOSÉ JÚLIO GUAHNON;REDE;INDEFERIDO EM PRAZO RECURSAL OU COM RECURSO;;;;;240002537805
estadual;20000;THIAGO VIEIRA;PODE;DEFERIDO;;;;;240002539562
estadual;20005;LUCAS LUCINDO;PODE;DEFERIDO;;;;;240002539568
estadual;20007;JOEL SANTOS DA RÁDIO;PODE;DEFERIDO;;;;;240002539572
estadual;20010;LU INDALÉCIO;PODE;DEFERIDO;;;;;240002539557
estadual;20020;FABIO BOTELHO;PODE;DEFERIDO;;;;;240002539561
estadual;20021;RAQUEL AFONSO;PODE;DEFERIDO;;;;;240002539583
estadual;20026;CRIS QUADROS;PODE;DEFERIDO;;;;;240002539547
estadual;20034;DR MARIO CARVALHO;PODE;DEFERIDO;;;;;240002539585
estadual;20055;CARLA Z PEREIRA;PODE;DEFERIDO;;;;;240002539563
estadual;20100;VINICIUS GANEM;PODE;DEFERIDO;;;;;240002539584
estadual;20106;OSMAR TEIXEIRA;PODE;DEFERIDO;;;;;240002539565
estadual;20111;CACÁ TAVARES;PODE;DEFERIDO;;;;;240002539556
estadual;20120;LAIRTON BOLICO DA SAUDE;PODE;DEFERIDO;;;;;240002539548
estadual;20122;IARA HAUSMANN;PODE;DEFERIDO;;;;;240002539553
estadual;20123;JORGE KRUGER;PODE;DEFERIDO;;;;;240002539576
estadual;20151;TETÊ PRO CONSUMIDOR;PODE;DEFERIDO;;;;;240002539560
estadual;20190;SARGENTO FLORIANO;PODE;DEFERIDO;;;;;240002539567
estadual;20200;PROFESSORA CATERINE;PODE;DEFERIDO;;;;;240002539555
estadual;20220;WAGNER ARAÚJO;PODE;DEFERIDO;;;;;240002539564
estadual;20222;TITO ZANIN;PODE;DEFERIDO;;;;;240002539574
estadual;20250;FLAVIANA ROCHO;PODE;DEFERIDO;;;;;240002539550
estadual;20300;ALEXANDRE JOSÉ;PODE;DEFERIDO;;;;;240002539554
estadual;20316;LUCAS MELLO;PODE;DEFERIDO;;;;;240002539579
estadual;20321;PROF. RENATO;PODE;DEFERIDO;;;;;240002539581
estadual;20333;GILBERTO LEAL - GIBA;PODE;DEFERIDO;;;;;240002539566
estadual;20420;PEDRO SANTACANNABIS;PODE;DEFERIDO;;;;;240002539582
estadual;20444;MARTINA DOMINGUES;PODE;DEFERIDO;;;;;240002539559
estadual;20456;MARQUINHO KURTZ;PODE;DEFERIDO;;;;;240002539551
estadual;20470;RABUJA;PODE;DEFERIDO;;;;;240002539573
estadual;20500;SUBTENENTE ANTUNES DO TRÂNSITO;PODE;DEFERIDO;;;;;240002539570
estadual;20522;MARIEL GRANDO;PODE;DEFERIDO;;;;;240002539552
estadual;20555;ABIA ALVES;PODE;DEFERIDO;;;;;240002539577
estadual;20600;PRETA;PODE;DEFERIDO;;;;;240002539580
estadual;20620;ALEX CORRÊA;PODE;DEFERIDO;;;;;240002539578
estadual;20777;JESSICA PRADO;PODE;DEFERIDO;;;;;240002539571
estadual;20789;JEAN ANTIGRANIZO;PODE;DEFERIDO;;;;;240002539569
estadual;20800;FELIPE FERREIRA (GÊMEOS);PODE;DEFERIDO;;;;;240002552921
estadual;20888;ANDERSON SANDMANN;PODE;DEFERIDO;;;;;240002539575
estadual;20999;RENATA AGUIAR - KIDA;PODE;DEFERIDO;;;;;240002539558
estadual;22000;A ALEX BRASIL;PL;DEFERIDO;;;;;240002539957
estadual;22001;WILIAN TONEZI;PL;DEFERIDO;;;;;240002539960
estadual;22002;PROFESSORA BRUNI;PL;DEFERIDO;;;;;240002551379
estadual;22005;LAVINYA DEALIS;PL;DEFERIDO;;;;;240002539958
estadual;22007;EVERALDO DI BERTI;PL;DEFERIDO;;;;;240002539959
estadual;22022;JESSÉ LOPES;PL;DEFERIDO;;;;;240002539971
estadual;22077;MARCOS DA ROSA;PL;DEFERIDO;;;;;240002539981
estadual;22100;FRIGO;PL;DEFERIDO;;;;;240002539974
estadual;22111;DELEGADO ULISSES GABRIEL;PL;DEFERIDO;;;;;240002539990
estadual;22122;MAURÍCIO PEIXER;PL;DEFERIDO;;;;;240002539976
estadual;22123;MARCIUS MACHADO;PL;DEFERIDO;;;;;240002539963
estadual;22150;MASSOCCO;PL;DEFERIDO;;;;;240002539970
estadual;22190;SARGENTO PACHECO;PL;DEFERIDO;;;;;240002551380
estadual;22192;ADRIANINHA DA SAÚDE;PL;DEFERIDO;;;;;240002539824
estadual;22193;CORONEL MOCELLIN;PL;DEFERIDO;;;;;240002539986
estadual;22199;MÁRIO HILDEBRANDT;PL;DEFERIDO;;;;;240002539982
estadual;22200;JULIANA MACIEL;PL;DEFERIDO;;;;;240002539969
estadual;22211;FLÁVIA RIBAS;PL;DEFERIDO;;;;;240002539978
estadual;22222;ANA CAMPAGNOLO;PL;DEFERIDO;;;;;240002539977
estadual;22233;RODRIGO PEDRINI;PL;DEFERIDO;;;;;240002539979
estadual;22234;SORGATTO;PL;DEFERIDO;;;;;240002539991
estadual;22245;SAULO SPEROTTO;PL;DEFERIDO;;;;;240002539967
estadual;22282;CLECI VERONEZI;PL;DEFERIDO;;;;;240002539980
estadual;22322;JUNIOR CARDOSO;PL;DEFERIDO;;;;;240002539968
estadual;22333;GUILHERME COLOMBO;PL;DEFERIDO;;;;;240002539972
estadual;22357;A FABI VENERA;PL;DEFERIDO;;;;;240002539975
estadual;22369;CAMILO MARTINS;PL;DEFERIDO;;;;;240002539983
estadual;22422;JAIR MIOTTO;PL;DEFERIDO;;;;;240002539985
estadual;22444;CARLOS HUMBERTO;PL;DEFERIDO;;;;;240002539964
estadual;22456;MICHEL;PL;DEFERIDO;;;;;240002539962
estadual;22470;OSCAR GUTZ;PL;DEFERIDO;;;;;240002539988
estadual;22522;CARLA ENFERMEIRA;PL;DEFERIDO;;;;;240002539984
estadual;22555;IVAN NAATZ;PL;DEFERIDO;;;;;240002539965
estadual;22722;BRUNO SOUZA;PL;DEFERIDO;;;;;240002539973
estadual;22777;NILZA SIMAS;PL;DEFERIDO;;;;;240002539989
estadual;22822;CHICA DO ESKUDLARK;PL;DEFERIDO;;;;;240002539987
estadual;22888;LETÍCIA MATTOS;PL;DEFERIDO;;;;;240002539961
estadual;22999;A DECO BATISTI;PL;DEFERIDO;;;;;240002539966
estadual;23000;MIRNA RUBIA;CIDADANIA;DEFERIDO;;;;;240002537093
estadual;23123;BRUNO CUNHA;CIDADANIA;DEFERIDO;;;;;240002537087
estadual;23456;FABI DA EDUCAÇÃO;CIDADANIA;DEFERIDO;;;;;240002537096
estadual;25000;RAFAEL GOMES;PRD;DEFERIDO;;;;;240002554271
estadual;25022;JULIANO MARTINS;PRD;DEFERIDO;;;;;240002552134
estadual;25023;LOBÃO SEGURANÇA;PRD;DEFERIDO;;;;;240002552136
estadual;25025;PROFESSOR OZZY;PRD;DEFERIDO;;;;;240002552133
estadual;25079;JOELMA CARDOSO;PRD;DEFERIDO;;;;;240002552929
estadual;25100;SUBOFICIAL ANFRISIO;PRD;DEFERIDO;;;;;240002552118
estadual;25122;SIMONE DO CALDO DE CANA;PRD;DEFERIDO;;;;;240002552128
estadual;25123;JOAO DO POSTO;PRD;DEFERIDO;;;;;240002552131
estadual;25190;IRINEU FILHO;PRD;DEFERIDO;;;;;240002552135
estadual;25193;BOMBEIRO ALAN MARTINS;PRD;DEFERIDO;;;;;240002552119
estadual;25222;ALBA;PRD;DEFERIDO;;;;;240002552124
estadual;25225;DR ADRIANO MACHADO (CHIQUINHO);PRD;DEFERIDO;;;;;240002552928
estadual;25250;GUILHERME DUARTE;PRD;DEFERIDO;;;;;240002552122
estadual;25255;MICHEL COSTA;PRD;DEFERIDO;;;;;240002552121
estadual;25256;JUCY ECKART;PRD;DEFERIDO;;;;;240002552126
estadual;25296;BARBARA COSTA;PRD;DEFERIDO;;;;;240002552127
estadual;25312;CASSI BUENO;PRD;DEFERIDO;;;;;240002552925
estadual;25333;JOSI CARVALHO;PRD;DEFERIDO;;;;;240002552129
estadual;25549;ROSINHA PELO POVO;PRD;DEFERIDO;;;;;240002552132
estadual;25550;JULIANA TOMAZ;PRD;DEFERIDO;;;;;240002552130
estadual;25555;RONAN SOUZA;PRD;DEFERIDO;;;;;240002552120
estadual;25888;MIRANDA;PRD;DEFERIDO;;;;;240002552125
estadual;30000;MATHEUS CADORIN;NOVO;DEFERIDO;;;;;240002535461
estadual;30001;TITA ALMEIDA;NOVO;DEFERIDO;;;;;240002535454
estadual;30003;BERNADETE SOUZA;NOVO;DEFERIDO;;;;;240002535457
estadual;30007;MARIO FELIPPI;NOVO;DEFERIDO;;;;;240002535459
estadual;30021;JULIO BOLFE;NOVO;DEFERIDO;;;;;240002535469
estadual;30022;WILSON CIDRÃO;NOVO;DEFERIDO;;;;;240002535449
estadual;30030;LUCIANO PEREIRA;NOVO;DEFERIDO;;;;;240002535463
estadual;30033;GILSON CICONET;NOVO;DEFERIDO;;;;;240002535455
estadual;30050;PROF NORMA RODRIGUES;NOVO;DEFERIDO;;;;;240002535464
estadual;30100;ROGERIO SOUZA;NOVO;DEFERIDO;;;;;240002535438
estadual;30111;CARLOS OTTO;NOVO;DEFERIDO;;;;;240002535443
estadual;30123;LIZANDRA DADAM;NOVO;DEFERIDO;;;;;240002535456
estadual;30128;MARIA BARROS;NOVO;DEFERIDO;;;;;240002535458
estadual;30130;CILIANE AUGUSTIN;NOVO;DEFERIDO;;;;;240002535467
estadual;30147;RAMON TARTARI;NOVO;DEFERIDO;;;;;240002535472
estadual;30180;CRIS MILLI;NOVO;DEFERIDO;;;;;240002535439
estadual;30190;GUILHERME MARTINS;NOVO;DEFERIDO;;;;;240002535451
estadual;30200;JAIRO TEIXEIRA;NOVO;DEFERIDO;;;;;240002535446
estadual;30220;RENATA FERREIRA;NOVO;DEFERIDO;;;;;240002535465
estadual;30221;MATHEUS TESTA;NOVO;DEFERIDO;;;;;240002535473
estadual;30222;RICK ZANATA;NOVO;DEFERIDO;;;;;240002535450
estadual;30227;CARLA CORRÊA;NOVO;DEFERIDO;;;;;240002535474
estadual;30300;ODAIR TRAMONTIN;NOVO;DEFERIDO;;;;;240002535452
estadual;30321;JÚLIA ILHA;NOVO;DEFERIDO;;;;;240002535447
estadual;30333;VINICIUS BORGES;NOVO;DEFERIDO;;;;;240002535462
estadual;30456;NETO PETTERS DO NOVO;NOVO;DEFERIDO;;;;;240002535460
estadual;30500;CRYSLAN;NOVO;DEFERIDO;;;;;240002535468
estadual;30555;ROBSON CALIXTO;NOVO;DEFERIDO;;;;;240002535441
estadual;30567;CAROL MATOS;NOVO;DEFERIDO;;;;;240002535440
estadual;30600;MICHELE MARQUES;NOVO;DEFERIDO;;;;;240002535448
estadual;30700;LUCAS JEAN;NOVO;DEFERIDO;;;;;240002535466
estadual;30707;THAYSE HELENA;NOVO;DEFERIDO;;;;;240002535470
estadual;30777;ELY SILVEIRA;NOVO;DEFERIDO;;;;;240002535442
estadual;30789;CÉSAR DAMIANI;NOVO;DEFERIDO;;;;;240002535471
estadual;30800;TATIANE SANTANA;NOVO;DEFERIDO;;;;;240002535445
estadual;30900;ISADORA PIANA;NOVO;DEFERIDO;;;;;240002535453
estadual;30999;ROBERTO PEREIRA;NOVO;DEFERIDO;;;;;240002535444
estadual;36007;PIMENTEL;AGIR;INDEFERIDO EM PRAZO RECURSAL OU COM RECURSO;;;;;240002552224
estadual;36022;SILVANA;AGIR;DEFERIDO;;;;;240002552227
estadual;36123;ROBSON ZAGRE;AGIR;INDEFERIDO EM PRAZO RECURSAL OU COM RECURSO;;;;;240002552228
estadual;36222;AGUINALDO VARGAS;AGIR;DEFERIDO;;;;;240002552225
estadual;36358;KERLY KOCH;AGIR;INDEFERIDO EM PRAZO RECURSAL OU COM RECURSO;;;;;240002552226
estadual;36777;HENRIQUE TODESCHINI;AGIR;DEFERIDO;;;;;240002552223
estadual;44000;DR. VICENTE;UNIÃO;DEFERIDO;;;;;240002543392
estadual;44042;JU DO TAXI;UNIÃO;DEFERIDO;;;;;240002543389
estadual;44044;DAVID BUSARELLO;UNIÃO;DEFERIDO;;;;;240002543417
estadual;44047;POLICIAL EMILY PEREIRA;UNIÃO;DEFERIDO;;;;;240002543414
estadual;44055;JACIARA DI SANTO;UNIÃO;DEFERIDO;;;;;240002543422
estadual;44104;PARISOTTO;UNIÃO;DEFERIDO;;;;;240002543396
estadual;44110;MARCIO TINTE;UNIÃO;DEFERIDO;;;;;240002543402
estadual;44111;PAULO DRUMM;UNIÃO;DEFERIDO;;;;;240002543415
estadual;44122;SANDRA SCHEFFER;UNIÃO;DEFERIDO;;;;;240002543398
estadual;44123;GEAN LOUREIRO;UNIÃO;DEFERIDO;;;;;240002543400
estadual;44144;ALEMÃO DA ALUMETAL;UNIÃO;DEFERIDO;;;;;240002543395
estadual;44190;RAMOS POLICIAL;UNIÃO;DEFERIDO;;;;;240002543407
estadual;44333;JACKSON GOETTEN;UNIÃO;DEFERIDO;;;;;240002543413
estadual;44411;KELLY PAZ;UNIÃO;DEFERIDO;;;;;240002543421
estadual;44444;MARCIO DEDÉ;UNIÃO;DEFERIDO;;;;;240002543391
estadual;44500;SÉRGIO GUIMARÃES;UNIÃO;DEFERIDO;;;;;240002543409
estadual;44555;GRINGO LADOMENEGA;UNIÃO;DEFERIDO;;;;;240002543388
estadual;44777;PASTOR NAPOLEÃO BONAPARTE;UNIÃO;DEFERIDO;;;;;240002543385
estadual;44789;ALE PAOLAZZI;UNIÃO;DEFERIDO;;;;;240002543393
estadual;45000;PATRICIA SOBREDA;PSDB;DEFERIDO;;;;;240002537095
estadual;45045;TCHARLES PURIM;PSDB;DEFERIDO;;;;;240002537103
estadual;45051;RENATO DA FARMÁCIA;PSDB;DEFERIDO;;;;;240002537092
estadual;45145;PAULINHO;PSDB;DEFERIDO;;;;;240002537102
estadual;45199;JESSICA RODRIGUES;PSDB;DEFERIDO;;;;;240002537104
estadual;45222;JUCEMAR CUSTÓDIO (BUJÃO);PSDB;DEFERIDO;;;;;240002537105
estadual;45333;CRISLANE FERNANDES;PSDB;DEFERIDO;;;;;240002537091
estadual;45345;TOLFO;PSDB;DEFERIDO;;;;;240002537088
estadual;45444;EDINHO DA CASA AZUL;PSDB;DEFERIDO;;;;;240002537098
estadual;45450;SONIA VEDOVATTO;PSDB;DEFERIDO;;;;;240002537101
estadual;45455;LEONARDO HEINZEN;PSDB;DEFERIDO;;;;;240002537099
estadual;45555;SERGINHO;PSDB;DEFERIDO;;;;;240002537090
estadual;45678;CORONEL JEFFERSON SCHMIDT;PSDB;DEFERIDO;;;;;240002537089
estadual;45699;DEPUTADO MARCOS VIEIRA;PSDB;DEFERIDO;;;;;240002537094
estadual;45777;ARILDO FERNANDES;PSDB;DEFERIDO;;;;;240002537097
estadual;45888;KARINY NAIARA MULLER;PSDB;DEFERIDO;;;;;240002537100
estadual;50000;ALEXANDRE NAU;PSOL;DEFERIDO;;;;;240002537821
estadual;50005;ALEX STEIN;PSOL;DEFERIDO;;;;;240002537816
estadual;50007;FABINHO HENSCHEL;PSOL;DEFERIDO;;;;;240002537813
estadual;50044;ÁGATHA BRUM;PSOL;INDEFERIDO EM PRAZO RECURSAL OU COM RECURSO;;;;;240002537803
estadual;50054;PROF. GENÉSIO ADOLFO;PSOL;DEFERIDO;;;;;240002537815
estadual;50096;JÔ MARQUEZ;PSOL;DEFERIDO;;;;;240002537801
estadual;50100;MARIANA SARTOR;PSOL;DEFERIDO;;;;;240002537808
estadual;50111;GERSON POPAYE;PSOL;DEFERIDO;;;;;240002537818
estadual;50123;ANA VAZ;PSOL;DEFERIDO;;;;;240002537817
estadual;50150;MARQUITO;PSOL;DEFERIDO;;;;;240002537811
estadual;50180;INGRID SATERÉ MAWÉ;PSOL;DEFERIDO;;;;;240002537798
estadual;50321;PROFESSOR ANDREW LEAL;PSOL;DEFERIDO;;;;;240002537806
estadual;50333;ÂNGELO CHOCOLATE;PSOL;DEFERIDO;;;;;240002537807
estadual;50369;FÁBIO DE OLIVEIRA;PSOL;DEFERIDO;;;;;240002537820
estadual;50456;MEIRINHO;PSOL;DEFERIDO;;;;;240002537819
estadual;50500;CAMASÃO;PSOL;DEFERIDO;;;;;240002537824
estadual;50505;DOUGLAS MERIZ;PSOL;DEFERIDO;;;;;240002537814
estadual;50550;GELEIA;PSOL;DEFERIDO;;;;;240002537809
estadual;50555;PROF. IZA;PSOL;DEFERIDO;;;;;240002537822
estadual;50600;PROFESSOR MARCELO;PSOL;DEFERIDO;;;;;240002537802
estadual;50777;ANA FLÁVIA;PSOL;DEFERIDO;;;;;240002537812
estadual;50789;AMARILDO NARCISO;PSOL;DEFERIDO;;;;;240002537823
estadual;50900;CARLOS SILVA;PSOL;DEFERIDO;;;;;240002537810
estadual;50999;VIVI DO JUNTOS;PSOL;DEFERIDO;;;;;240002537804
estadual;55000;CIDE MACHADO;PSD;DEFERIDO;;;;;240002551471
estadual;55055;BERLANDA;PSD;DEFERIDO;;;;;240002551465
estadual;55100;DIEGO MACHADO;PSD;DEFERIDO;;;;;240002551458
estadual;55111;CLESIO SALVARO;PSD;DEFERIDO;;;;;240002551467
estadual;55123;MARLENE FENGLER;PSD;DEFERIDO;;;;;240002551469
estadual;55153;RICARDO PASTRANA;PSD;DEFERIDO;;;;;240002551468
estadual;55155;SHEYLA CHAVES;PSD;DEFERIDO;;;;;240002551470
estadual;55282;MARIA DO TATU;PSD;DEFERIDO;;;;;240002554373
estadual;55444;PRI FERNANDES ADOTE;PSD;DEFERIDO;;;;;240002551459
estadual;55470;LIBA;PSD;DEFERIDO;;;;;240002551472
estadual;55500;MOZARA SCHADECK;PSD;DEFERIDO;;;;;240002551463
estadual;55555;MÁRIO MOTTA;PSD;DEFERIDO;;;;;240002551477
estadual;55655;PACHECO;PSD;DEFERIDO;;;;;240002551460
estadual;55678;VOLTOLINI TAXISTA;PSD;DEFERIDO;;;;;240002551475
estadual;55777;NAPOLEÃO BERNARDES;PSD;DEFERIDO;;;;;240002551461
estadual;55789;BETO KUERTEN MARCELINO;PSD;DEFERIDO;;;;;240002551462
estadual;55852;VIVIAN QUIQUIO;PSD;DEFERIDO;;;;;240002551474
estadual;55888;JOSÉ THOMÉ;PSD;DEFERIDO;;;;;240002551473
estadual;65180;LARISSA STEPHANIE;PCDOB;DEFERIDO;;;;;240002540095
estadual;65500;PAULINHO DA SILVA;PCDOB;DEFERIDO;;;;;240002540078
estadual;70000;MICHELI DE LIMA;AVANTE;DEFERIDO;;;;;240002551695
estadual;70022;ELEANE PATRIOTA;AVANTE;DEFERIDO;;;;;240002551694
estadual;70070;LUCAS ESMERALDINO;AVANTE;DEFERIDO;;;;;240002554410
estadual;70123;BETÃO DO IMPOSTO;AVANTE;DEFERIDO;;;;;240002551697
estadual;70222;SARA MELO;AVANTE;DEFERIDO;;;;;240002551701
estadual;70300;ALEMÃO GOLEIRO;AVANTE;DEFERIDO;;;;;240002551693
estadual;70700;WILLIAN ESTEVES;AVANTE;DEFERIDO;;;;;240002551699
estadual;70777;MAMEDE;AVANTE;DEFERIDO;;;;;240002551700
estadual;70888;NEGÃO BARATA;AVANTE;DEFERIDO;;;;;240002551696
estadual;70999;NILSON JOSÉ;AVANTE;DEFERIDO;;;;;240002551698
estadual;77002;MALU;SOLIDARIEDADE;DEFERIDO;;;;;240002552926
estadual;77007;ALCIR MARCOS;SOLIDARIEDADE;DEFERIDO;;;;;240002552137
estadual;77111;ADELINA MARTINS;SOLIDARIEDADE;DEFERIDO;;;;;240002552931
estadual;77725;PASTOR RENATO;SOLIDARIEDADE;DEFERIDO;;;;;240002552932
estadual;77770;SOMMER;SOLIDARIEDADE;DEFERIDO;;;;;240002552927
estadual;77773;JANA MEDEIROS;SOLIDARIEDADE;DEFERIDO;;;;;240002554186
estadual;77777;JORGE JUNIOR;SOLIDARIEDADE;DEFERIDO;;;;;240002552930
senador;111;ESPERIDIÃO AMIN;PP;DEFERIDO;VOLNEI WEBER;1º suplente;ENI VOLTOLINI;2º suplente;240002548632
senador;133;DÉCIO LIMA;PT;DEFERIDO;ELAINE BERGER;1º suplente;FERNANDA KLITZKE;2º suplente;240002533898
senador;144;TÚLIO DE AMORIM PFUETZENREITER;MISSÃO;DEFERIDO;COMANDANTE EDUPERCIO PRATTS;1º suplente;DIEGO VIEIRA;2º suplente;240002544094
senador;155;LUNELLI;MDB;DEFERIDO;CLENILTON;1º suplente;GENESIO SPILLERE;2º suplente;240002548630
senador;160;JOANINHA DE OLIVEIRA;PSTU;DEFERIDO;JOCEMIR;1º suplente;ADRIANA;2º suplente;240002537632
senador;161;MARCOS DORVAL;PSTU;DEFERIDO;MARCOS BECKER;1º suplente;WAGNER BETTO;2º suplente;240002537630
senador;221;CAROL DE TONI;PL;DEFERIDO;GERALDO WETZEL NETO;1º suplente;ANDREY TOMAZI;2º suplente;240002541931
senador;222;CARLOS BOLSONARO;PL;DEFERIDO;RAFAEL CALEFFI;1º suplente;BALDUINO RODRIGUES;2º suplente;240002541935
senador;250;JEFERSON ROCHA;PRD;DEFERIDO;CAMILA ZIMMER;1º suplente;JEANN LISBOA;2º suplente;240002551377
senador;290;CAROL;PCO;DEFERIDO;DOMINGOS;1º suplente;GILBERTO SILVEIRA;2º suplente;240002553005
senador;500;AFRÂNIO BOPPRÉ;PSOL;DEFERIDO;LUCI CHOINACKI;1º suplente;CIDA DA SILVA;2º suplente;240002535770
senador;800;ANA LUCIA DA SILVEIRA MACHADO;UP;DEFERIDO;JAQUELINE ALMEIDA CAMARGO;1º suplente;JORGE LUIZ ADÃO;2º suplente;240002539636
senador;808;MARLENE SOCCAS;UP;DEFERIDO;ADRIANA RIO;1º suplente;PROFESSOR JACSON;2º suplente;240002550218
governador;14;MARCELO BRIGADEIRO;MISSÃO;DEFERIDO;CORONEL RODRIGUES;vice;;;240002544118
governador;16;PROFESSOR MARCUS SODRÉ;PSTU;DEFERIDO;PROFESSORA TATY;vice;;;240002541913
governador;22;JORGINHO MELLO;PL;DEFERIDO;ADRIANO SILVA;vice;;;240002537073
governador;25;RALF ZIMMER;PRD;DEFERIDO;CARLOS BORDIN;vice;;;240002552157
governador;29;BRUNO PEDREIRO DO PCO;PCO;DEFERIDO;FLÁVIO AMARAL;vice;;;240002553718
governador;40;GELSON MERÍSIO;PSB;DEFERIDO;ANGELA ALBINO;vice;;;240002548628
governador;55;JOÃO RODRIGUES;PSD;DEFERIDO;CARLOS CHIODINI;vice;;;240002551001
governador;80;LAÍS CHAUD;UP;DEFERIDO;NATHÁLIA MELO;vice;;;240002550544
presidente;13;LULA;PT;DEFERIDO;GERALDO ALCKMIN;vice;;;280002542548
presidente;14;RENAN SANTOS;MISSÃO;DEFERIDO;CORONEL MEDINA;vice;;;280002540694
presidente;16;HERTZ DIAS;PSTU;DEFERIDO;VANESSA PORTUGAL;vice;;;280002541457
presidente;21;EDMILSON COSTA;PCB;DEFERIDO;CLEUSA SANTOS;vice;;;280002551975
presidente;22;FLAVIO BOLSONARO;PL;DEFERIDO;ALFREDO GASPAR;vice;;;280002551544
presidente;27;CLARIANA BARAO;DC;DEFERIDO;FABIANA TORQUATO;vice;;;280002552484
presidente;28;LEONARDO AVALANCHE;PRTB;PENDENTE DE JULGAMENTO;SILVIA;vice;;;280002554479
presidente;29;RUI COSTA PIMENTA;PCO;DEFERIDO;ANTÔNIO CARLOS;vice;;;280002552487
presidente;30;ZEMA;NOVO;DEFERIDO;EDUARDO GIRÃO;vice;;;280002539826
presidente;35;VETERINÁRIO WILSON GRASSI;DEMOCRATA;DEFERIDO;SUÊD HAIDAR;vice;;;280002548139
presidente;55;RONALDO CAIADO;PSD;DEFERIDO;GILBERTO KASSAB;vice;;;280002551932
presidente;70;ESCRITOR AUGUSTO CURY;AVANTE;DEFERIDO;JÚLIO DELGADO;vice;;;280002551547
presidente;80;SAMARA;UP;DEFERIDO;RAQUEL BRÍCIO;vice;;;280002538811
